rsID,CHROMOSOME_x,POSITION_x,CHROMOSOME_y,POSITION_y,RISK_ALLELE,OTHER_ALLELE,P_VALUE,OR,OR_95L,OR_95U,N_CASES,N_CONTROLS,Consequence,IMPACT,Gene,SIFT,PolyPhen,PHENOTYPES
rs6771792,3,12276472,3,12276472,C,T,3.1e-08,1.21,1.13,1.3,12171,56862,-,-,-,-,-,-
rs11709077,3,12311507,3,12311507,G,A,1.1e-09,1.17,1.11,1.23,12171,56862,-,-,-,-,-,-
rs1801282,3,12368125,3,12368125,C,G,5e-09,1.16,1.11,1.22,12171,56862,missense_variant,MODERATE,PPARG,AFDB-ENSP_mappings:AF-P37231-F1,-,850
rs1801282,3,12368125,3,12368125,C,G,5e-09,1.16,1.11,1.22,12171,56862,"missense_variant,NMD_transcript_variant",MODERATE,PPARG,AFDB-ENSP_mappings:AF-E9PFV3-F1,-,850
rs1801282,3,12368125,3,12368125,C,G,5e-09,1.16,1.11,1.22,12171,56862,missense_variant,MODERATE,PPARG,AFDB-ENSP_mappings:AF-A0A3P3ZKM0-F1,-,850
rs1801282,3,12368125,3,12368125,C,G,5e-09,1.16,1.11,1.22,12171,56862,missense_variant,MODERATE,PPARG,-,-,850
rs1899951,3,12369840,3,12369840,C,T,3.8e-09,1.16,1.11,1.22,12171,56862,-,-,-,-,-,-
rs4376068,3,186980329,3,186980329,C,A,1e-10,1.12,1.08,1.16,12171,56862,-,-,-,-,-,-
rs6801848,3,186981751,3,186981751,G,C,4.2e-10,1.12,1.08,1.16,12171,56862,-,-,-,-,-,-
rs4481184,3,186988481,3,186988481,T,C,3.2e-10,1.13,1.09,1.17,9580,53810,-,-,-,-,-,-
rs11705729,3,186989993,3,186989993,T,A,3.9e-10,1.13,1.09,1.17,9580,53810,-,-,-,-,-,-
rs11929397,3,186992884,3,186992884,C,T,4e-10,1.13,1.09,1.17,9580,53810,-,-,-,-,-,-
rs7633675,3,186993307,3,186993307,G,T,4.2e-10,1.13,1.09,1.17,9580,53810,-,-,-,-,-,-
rs4402960,3,186994381,3,186994381,T,G,2.7e-11,1.13,1.09,1.17,12171,56862,-,-,-,-,-,-
rs7640539,3,186995990,3,186995990,A,T,4.2e-10,1.13,1.09,1.17,9580,53810,-,-,-,-,-,-
rs7651090,3,186996086,3,186996086,G,A,2e-11,1.13,1.09,1.17,12171,56862,-,-,-,-,-,-
rs6444081,3,186997087,3,186997087,C,T,3.9e-10,1.13,1.09,1.17,9580,53810,-,-,-,-,-,-
rs7646518,3,186997625,3,186997625,C,T,3.9e-10,1.13,1.09,1.17,9580,53810,-,-,-,-,-,-
rs7637773,3,186998329,3,186998329,A,G,6.3e-10,1.13,1.09,1.17,9580,53810,-,-,-,-,-,-
rs4686696,3,186999214,3,186999214,A,G,3.9e-10,1.13,1.09,1.17,9580,53810,-,-,-,-,-,-
rs6767484,3,187003272,3,187003272,G,A,3.9e-10,1.13,1.09,1.17,9580,53810,-,-,-,-,-,-
rs11711477,3,187009384,3,187009384,A,T,5.1e-11,1.13,1.09,1.17,12171,56862,-,-,-,-,-,-
rs1470579,3,187011774,3,187011774,C,A,7.5e-11,1.12,1.08,1.16,12171,56862,-,-,-,-,-,-
rs6769511,3,187012984,3,187012984,C,T,8.8e-10,1.13,1.09,1.17,9580,53810,-,-,-,-,-,-
rs9859406,3,187017176,3,187017176,A,G,1.1e-09,1.13,1.08,1.17,9580,53810,-,-,-,-,-,-
rs1801214,4,6353923,4,6353923,T,C,1.3e-08,1.12,1.08,1.16,9580,53810,missense_variant,MODERATE,WFS1,"AFDB-ENSP_mappings:AF-O76024-F1,PANTHER:PTHR13098,Transmembrane_helices:TMhelix,Phobius:TRANSMEMBRANE",-,-
rs1801214,4,6353923,4,6353923,T,C,1.3e-08,1.12,1.08,1.16,9580,53810,synonymous_variant,LOW,WFS1,"AFDB-ENSP_mappings:AF-O76024-F1,PANTHER:PTHR13098,Transmembrane_helices:TMhelix,Phobius:TRANSMEMBRANE",-,-
rs1801214,4,6353923,4,6353923,T,C,1.3e-08,1.12,1.08,1.16,9580,53810,missense_variant,MODERATE,WFS1,"Transmembrane_helices:TMhelix,PANTHER:PTHR13098,Phobius:TRANSMEMBRANE,AFDB-ENSP_mappings:AF-O76024-F1",-,-
rs1801214,4,6353923,4,6353923,T,C,1.3e-08,1.12,1.08,1.16,9580,53810,synonymous_variant,LOW,WFS1,"Transmembrane_helices:TMhelix,PANTHER:PTHR13098,Phobius:TRANSMEMBRANE,AFDB-ENSP_mappings:AF-O76024-F1",-,-
rs1801214,4,6353923,4,6353923,T,C,1.3e-08,1.12,1.08,1.16,9580,53810,missense_variant,MODERATE,WFS1,"AFDB-ENSP_mappings:AF-H0Y9G5-F1,PANTHER:PTHR13098,Transmembrane_helices:TMhelix,Phobius:TRANSMEMBRANE",-,-
rs1801214,4,6353923,4,6353923,T,C,1.3e-08,1.12,1.08,1.16,9580,53810,synonymous_variant,LOW,WFS1,"AFDB-ENSP_mappings:AF-H0Y9G5-F1,PANTHER:PTHR13098,Transmembrane_helices:TMhelix,Phobius:TRANSMEMBRANE",-,-
rs1801214,4,6353923,4,6353923,T,C,1.3e-08,1.12,1.08,1.16,9580,53810,missense_variant,MODERATE,WFS1,"Low_complexity_(Seg):seg,AFDB-ENSP_mappings:AF-A0A669KBF0-F1",-,-
rs1801214,4,6353923,4,6353923,T,C,1.3e-08,1.12,1.08,1.16,9580,53810,missense_variant,MODERATE,WFS1,"Low_complexity_(Seg):seg,AFDB-ENSP_mappings:AF-A0A669KBF0-F1",-,5320
rs1801214,4,6353923,4,6353923,T,C,1.3e-08,1.12,1.08,1.16,9580,53810,missense_variant,MODERATE,WFS1,"AFDB-ENSP_mappings:AF-A0A669KAX3-F1,PANTHER:PTHR13098,Transmembrane_helices:TMhelix,Phobius:TRANSMEMBRANE",-,-
rs1801214,4,6353923,4,6353923,T,C,1.3e-08,1.12,1.08,1.16,9580,53810,synonymous_variant,LOW,WFS1,"AFDB-ENSP_mappings:AF-A0A669KAX3-F1,PANTHER:PTHR13098,Transmembrane_helices:TMhelix,Phobius:TRANSMEMBRANE",-,-
rs1801214,4,6353923,4,6353923,T,C,1.3e-08,1.12,1.08,1.16,9580,53810,missense_variant,MODERATE,WFS1,-,-,-
rs1801214,4,6353923,4,6353923,T,C,1.3e-08,1.12,1.08,1.16,9580,53810,synonymous_variant,LOW,WFS1,-,-,-
rs4580722,4,6357045,4,6357045,A,C,1.8e-08,1.12,1.07,1.16,9580,53810,-,-,-,-,-,-
rs9348440,6,20749315,6,20749315,T,C,1.8e-11,1.18,1.13,1.24,12171,56862,-,-,-,-,-,-
rs6456364,6,20757233,6,20757233,T,A,3e-09,1.17,1.11,1.24,9580,53810,-,-,-,-,-,-
rs9295474,6,20760696,6,20760696,G,C,1.8e-15,1.17,1.12,1.21,9580,53810,-,-,-,-,-,-
rs2328545,6,20761529,6,20761529,C,G,2e-09,1.18,1.12,1.24,9580,53810,-,-,-,-,-,-
rs9368216,6,20763089,6,20763089,G,A,2.3e-09,1.18,1.12,1.24,9580,53810,-,-,-,-,-,-
rs4712522,6,20764779,6,20764779,G,C,2e-15,1.17,1.12,1.21,9580,53810,-,-,-,-,-,-
rs4712523,6,20765543,6,20765543,G,A,4e-15,1.16,1.12,1.21,9580,53810,-,-,-,-,-,-
rs4710940,6,20765991,6,20765991,C,A,6.9e-14,1.15,1.11,1.19,9580,53810,-,-,-,-,-,-
rs6906327,6,20767438,6,20767438,A,G,3.1e-14,1.15,1.11,1.2,9580,53810,-,-,-,-,-,-
rs6456367,6,20767566,6,20767566,A,T,2.7e-15,1.17,1.12,1.21,9580,53810,-,-,-,-,-,-
rs6456368,6,20767785,6,20767785,C,T,6.7e-16,1.15,1.12,1.2,12171,56862,-,-,-,-,-,-
rs6456369,6,20768344,6,20768344,C,T,3.8e-13,1.13,1.1,1.17,12171,56862,-,-,-,-,-,-
rs10946398,6,20769013,6,20769013,C,A,6.7e-16,1.15,1.12,1.19,12171,56862,-,-,-,-,-,-
rs7774594,6,20769122,6,20769122,A,T,2e-15,1.17,1.12,1.21,9580,53810,-,-,-,-,-,-
rs7754840,6,20769229,6,20769229,C,G,8.9e-16,1.15,1.11,1.19,12171,56862,-,-,-,-,-,-
rs9460544,6,20769508,6,20769508,T,G,2e-15,1.17,1.12,1.21,9580,53810,-,-,-,-,-,-
rs9460545,6,20769529,6,20769529,C,T,2e-15,1.17,1.12,1.21,9580,53810,-,-,-,-,-,-
rs4712525,6,20770945,6,20770945,T,C,2e-15,1.17,1.12,1.21,9580,53810,-,-,-,-,-,-
rs4712526,6,20771014,6,20771014,A,T,1.5e-15,1.17,1.12,1.21,9580,53810,-,-,-,-,-,-
rs9460546,6,20771611,6,20771611,G,T,4.4e-16,1.15,1.12,1.2,12171,56862,-,-,-,-,-,-
rs742642,6,20773060,6,20773060,A,G,2.5e-09,1.18,1.11,1.24,9580,53810,-,-,-,-,-,-
rs7748382,6,20773528,6,20773528,A,G,1.5e-15,1.17,1.12,1.21,9580,53810,-,-,-,-,-,-
rs7772603,6,20773925,6,20773925,C,T,1.3e-15,1.17,1.12,1.21,9580,53810,-,-,-,-,-,-
rs7752780,6,20774001,6,20774001,A,G,1.3e-15,1.17,1.12,1.21,9580,53810,-,-,-,-,-,-
rs7752906,6,20774034,6,20774034,A,G,1.1e-15,1.17,1.12,1.21,9580,53810,-,-,-,-,-,-
rs9358356,6,20775361,6,20775361,C,T,1.1e-15,1.17,1.12,1.21,9580,53810,-,-,-,-,-,-
rs9356743,6,20775667,6,20775667,T,C,1.3e-09,1.18,1.12,1.24,9580,53810,-,-,-,-,-,-
rs9368219,6,20782670,6,20782670,T,C,7.3e-17,1.23,1.17,1.28,9580,53810,-,-,-,-,-,-
rs1569699,6,20787289,6,20787289,G,T,9.1e-19,1.19,1.15,1.24,9580,53810,-,-,-,-,-,-
rs7756992,6,20787688,6,20787688,G,A,1.3e-22,1.2,1.16,1.25,12171,56862,-,-,-,-,-,-
rs9350271,6,20791143,6,20791143,A,G,9.5e-19,1.19,1.15,1.24,9580,53810,-,-,-,-,-,-
rs9356744,6,20793465,6,20793465,C,T,9.8e-19,1.19,1.15,1.24,9580,53810,-,-,-,-,-,-
rs7766070,6,20794552,6,20794552,A,C,5.1e-22,1.22,1.17,1.27,9580,53810,-,-,-,-,-,-
rs9368222,6,20794975,6,20794975,A,C,4.8e-23,1.21,1.16,1.25,12171,56862,-,-,-,-,-,-
rs10440833,6,20796100,6,20796100,A,T,3.5000000000000005e-22,1.22,1.17,1.27,9580,53810,-,-,-,-,-,-
rs2206734,6,20802863,6,20802863,T,C,3.2e-17,1.23,1.17,1.28,9580,53810,-,-,-,-,-,-
rs6931514,6,20811931,6,20811931,G,A,5.600000000000001e-22,1.22,1.17,1.27,9580,53810,-,-,-,-,-,-
rs11753081,6,20813569,6,20813569,G,T,1.7e-17,1.23,1.17,1.29,9580,53810,-,-,-,-,-,-
rs1040558,6,20821685,6,20821685,G,A,1.5e-19,1.22,1.17,1.27,12171,56862,-,-,-,-,-,-
rs9295478,6,20824232,6,20824232,A,G,4.9e-15,1.17,1.12,1.22,12171,56862,-,-,-,-,-,-
rs2328548,6,20824937,6,20824937,A,G,1.3e-17,1.23,1.17,1.29,9580,53810,-,-,-,-,-,-
rs6935599,6,20825074,6,20825074,G,A,1.4e-17,1.23,1.17,1.29,9580,53810,-,-,-,-,-,-
rs9465871,6,20825234,6,20825234,C,T,3.5e-20,1.22,1.17,1.28,12171,56862,-,-,-,-,-,-
rs10946403,6,20825383,6,20825383,G,A,9e-20,1.22,1.17,1.27,12171,56862,-,-,-,-,-,-
rs2328549,6,20826219,6,20826219,T,A,2.9e-12,1.19,1.13,1.25,12171,56862,-,-,-,-,-,-
rs9358357,6,20827124,6,20827124,G,A,1e-17,1.23,1.17,1.29,9580,53810,-,-,-,-,-,-
rs9368224,6,20827211,6,20827211,A,T,8.6e-18,1.23,1.17,1.29,9580,53810,-,-,-,-,-,-
rs9358358,6,20827372,6,20827372,C,A,1e-10,1.19,1.13,1.25,9580,53810,-,-,-,-,-,-
rs9460550,6,20827540,6,20827540,A,G,8.2e-18,1.23,1.17,1.29,9580,53810,-,-,-,-,-,-
rs12110493,6,20827858,6,20827858,G,A,2.2e-08,1.26,1.17,1.37,9580,53810,-,-,-,-,-,-
rs9356746,6,20828258,6,20828258,C,T,9.1e-11,1.19,1.13,1.25,9580,53810,-,-,-,-,-,-
rs9368226,6,20831036,6,20831036,C,T,1.3e-16,1.22,1.17,1.28,9580,53810,-,-,-,-,-,-
rs12111351,6,20832537,6,20832537,G,T,1.6e-13,1.18,1.13,1.23,9580,53810,-,-,-,-,-,-
rs9356747,6,20832986,6,20832986,A,T,1.8e-13,1.18,1.13,1.23,9580,53810,-,-,-,-,-,-
rs9356748,6,20833076,6,20833076,A,T,8.9e-11,1.19,1.13,1.25,9580,53810,-,-,-,-,-,-
rs7767391,6,20833219,6,20833219,C,T,1e-18,1.21,1.16,1.27,12171,56862,-,-,-,-,-,-
rs7747752,6,20833402,6,20833402,C,G,1.6e-14,1.17,1.12,1.22,12171,56862,-,-,-,-,-,-
rs864745,7,28147081,7,28147081,T,C,7.3e-11,1.12,1.08,1.15,12171,56862,-,-,-,-,-,-
rs849142,7,28152416,7,28152416,T,C,2e-09,1.12,1.08,1.16,9580,53810,-,-,-,-,-,-
rs1635852,7,28155936,7,28155936,T,C,3.1e-10,1.12,1.08,1.16,9580,53810,-,-,-,-,-,-
rs1635853,7,28156074,7,28156074,T,G,2.5e-08,1.1,1.06,1.14,12171,56862,-,-,-,-,-,-
rs849133,7,28158805,7,28158805,C,T,3.4e-10,1.12,1.08,1.16,9580,53810,-,-,-,-,-,-
rs849134,7,28162747,7,28162747,A,G,3.2e-10,1.12,1.08,1.16,9580,53810,-,-,-,-,-,-
rs849135,7,28162938,7,28162938,G,A,3.4e-10,1.12,1.08,1.16,9580,53810,-,-,-,-,-,-
rs849335,7,28190515,7,28190515,T,C,2.9e-09,1.12,1.08,1.16,9580,53810,-,-,-,-,-,-
rs849336,7,28190578,7,28190578,A,G,4.8e-09,1.12,1.08,1.16,9580,53810,-,-,-,-,-,-
rs849327,7,28198982,7,28198982,A,G,2.3e-09,1.12,1.08,1.17,9580,53810,-,-,-,-,-,-
rs498475,7,28222765,7,28222765,G,A,8.8e-09,1.11,1.07,1.15,12171,56862,-,-,-,-,-,-
rs13234269,7,130079726,7,130079726,T,A,4.2e-08,1.1,1.06,1.13,12171,56862,-,-,-,-,-,-
rs13230111,7,130087664,7,130087664,A,G,4.4e-08,1.1,1.06,1.13,12171,56862,-,-,-,-,-,-
rs13233731,7,130088229,7,130088229,G,A,4.3e-08,1.1,1.06,1.13,12171,56862,-,-,-,-,-,-
rs10954284,7,130114298,7,130114298,T,A,1.2e-08,1.1,1.07,1.14,12171,56862,-,-,-,-,-,-
rs13266634,8,118253964,8,118253964,C,T,2.2e-11,1.16,1.11,1.22,9147,52372,synonymous_variant,LOW,SLC30A8,"AFDB-ENSP_mappings:AF-Q8IWU4-F1,Phobius:CYTOPLASMIC_DOMAIN,PANTHER:PTHR11562,Superfamily:SSF160240,NCBIFAM:TIGR01297",-,-
rs13266634,8,118253964,8,118253964,C,T,2.2e-11,1.16,1.11,1.22,9147,52372,missense_variant,MODERATE,SLC30A8,"AFDB-ENSP_mappings:AF-Q8IWU4-F1,Phobius:CYTOPLASMIC_DOMAIN,PANTHER:PTHR11562,Superfamily:SSF160240,NCBIFAM:TIGR01297",-,2898
rs13266634,8,118253964,8,118253964,C,T,2.2e-11,1.16,1.11,1.22,9147,52372,synonymous_variant,LOW,SLC30A8,"PDB-ENSP_mappings:6xpd.A,PDB-ENSP_mappings:6xpd.B,PDB-ENSP_mappings:6xpe.A,PDB-ENSP_mappings:6xpe.B,PDB-ENSP_mappings:6xpf.A,PDB-ENSP_mappings:6xpf.B,AFDB-ENSP_mappings:AF-Q8IWU4-F1,Phobius:CYTOPLASMIC_DOMAIN,PANTHER:PTHR11562,Superfamily:SSF160240,NCBIFAM:TIGR01297",-,-
rs13266634,8,118253964,8,118253964,C,T,2.2e-11,1.16,1.11,1.22,9147,52372,missense_variant,MODERATE,SLC30A8,"PDB-ENSP_mappings:6xpd.A,PDB-ENSP_mappings:6xpd.B,PDB-ENSP_mappings:6xpe.A,PDB-ENSP_mappings:6xpe.B,PDB-ENSP_mappings:6xpf.A,PDB-ENSP_mappings:6xpf.B,AFDB-ENSP_mappings:AF-Q8IWU4-F1,Phobius:CYTOPLASMIC_DOMAIN,PANTHER:PTHR11562,Superfamily:SSF160240,NCBIFAM:TIGR01297",-,2898
rs13266634,8,118253964,8,118253964,C,T,2.2e-11,1.16,1.11,1.22,9147,52372,synonymous_variant,LOW,SLC30A8,-,-,-
rs13266634,8,118253964,8,118253964,C,T,2.2e-11,1.16,1.11,1.22,9147,52372,missense_variant,MODERATE,SLC30A8,-,-,2898
rs3802177,8,118254206,8,118254206,G,A,2.1e-11,1.16,1.11,1.22,9147,52372,-,-,-,-,-,-
rs11558471,8,118254914,8,118254914,A,G,8.7e-10,1.14,1.09,1.19,9147,52372,-,-,-,-,-,-
rs11774700,8,118289451,8,118289451,T,C,9.2e-11,1.17,1.12,1.23,9147,52372,-,-,-,-,-,-
rs7020996,9,22119579,9,22119579,C,T,6.4e-11,1.22,1.15,1.29,9580,53810,-,-,-,-,-,-
rs2383208,9,22122076,9,22122076,A,G,6e-14,1.18,1.13,1.24,12171,56862,-,-,-,-,-,-
rs10965250,9,22123284,9,22123284,G,A,4.3e-12,1.19,1.14,1.25,9580,53810,-,-,-,-,-,-
rs10811661,9,22124094,9,22124094,T,C,1.5e-13,1.18,1.13,1.23,12171,56862,-,-,-,-,-,-
rs1333051,9,22126489,9,22126489,A,T,1.9e-10,1.19,1.13,1.25,12171,56862,-,-,-,-,-,-
rs3915932,10,80611942,10,80611942,G,C,4.7e-08,1.1,1.06,1.14,12171,56862,-,-,-,-,-,-
rs2798253,10,94192885,10,94192885,C,G,4.4e-12,1.15,1.1,1.19,9580,53810,-,-,-,-,-,-
rs6583813,10,94199919,10,94199919,C,T,6.5e-12,1.14,1.1,1.19,9580,53810,-,-,-,-,-,-
rs11187007,10,94204560,10,94204560,A,G,1.8e-12,1.14,1.1,1.19,9580,53810,-,-,-,-,-,-
rs2149632,10,94222227,10,94222227,T,C,2.7e-12,1.14,1.1,1.19,9580,53810,-,-,-,-,-,-
rs11187033,10,94252339,10,94252339,T,A,3.2e-12,1.14,1.1,1.19,9580,53810,-,-,-,-,-,-
rs10509645,10,94267846,10,94267846,C,A,1.4e-11,1.13,1.09,1.17,12171,56862,-,-,-,-,-,-
rs2421943,10,94301795,10,94301795,G,A,4.4e-10,1.12,1.08,1.16,9580,53810,-,-,-,-,-,-
rs11187078,10,94330685,10,94330685,C,G,3.4e-11,1.14,1.09,1.18,9580,53810,-,-,-,-,-,-
rs6583823,10,94334395,10,94334395,C,T,4.9e-09,1.11,1.07,1.15,9580,53810,-,-,-,-,-,-
rs2421941,10,94335889,10,94335889,G,A,4.1e-09,1.12,1.08,1.16,9580,53810,-,-,-,-,-,-
rs3824735,10,94344184,10,94344184,T,G,1.2e-11,1.14,1.1,1.18,9580,53810,-,-,-,-,-,-
rs10786050,10,94357210,10,94357210,A,G,1.4e-09,1.12,1.08,1.16,9580,53810,-,-,-,-,-,-
rs11187096,10,94359568,10,94359568,G,T,6.9e-12,1.14,1.1,1.18,9580,53810,-,-,-,-,-,-
rs10882091,10,94364357,10,94364357,C,T,1.4e-09,1.12,1.08,1.16,9580,53810,-,-,-,-,-,-
rs7914814,10,94372930,10,94372930,T,C,6.2e-09,1.1,1.07,1.14,11902,53152,-,-,-,-,-,-
rs10882094,10,94377656,10,94377656,T,A,1.3e-09,1.12,1.08,1.16,9580,53810,-,-,-,-,-,-
rs10882095,10,94384382,10,94384382,T,G,3.8e-12,1.14,1.1,1.19,9580,53810,-,-,-,-,-,-
rs10736069,10,94385373,10,94385373,T,C,1e-09,1.12,1.08,1.16,9580,53810,-,-,-,-,-,-
rs7900689,10,94385728,10,94385728,A,C,1.1e-09,1.12,1.08,1.16,9580,53810,-,-,-,-,-,-
rs6583830,10,94388098,10,94388098,A,G,1.1e-09,1.12,1.08,1.16,9580,53810,-,-,-,-,-,-
rs10882096,10,94391366,10,94391366,G,T,3.5e-12,1.14,1.1,1.19,9580,53810,-,-,-,-,-,-
rs11187114,10,94396217,10,94396217,A,T,2.4e-12,1.14,1.1,1.19,9580,53810,-,-,-,-,-,-
rs6583833,10,94399780,10,94399780,C,T,3.3e-11,1.13,1.09,1.17,9580,53810,-,-,-,-,-,-
rs7078243,10,94404243,10,94404243,A,C,3.4e-11,1.13,1.09,1.17,9580,53810,-,-,-,-,-,-
rs4933734,10,94404547,10,94404547,A,T,1.9e-10,1.13,1.09,1.17,9580,53810,-,-,-,-,-,-
rs7911264,10,94426831,10,94426831,T,C,4.5e-13,1.13,1.09,1.17,12171,56862,-,-,-,-,-,-
rs2488087,10,94436021,10,94436021,A,G,2e-12,1.14,1.1,1.18,9580,53810,-,-,-,-,-,-
rs10882100,10,94450667,10,94450667,C,G,1.8e-12,1.14,1.1,1.18,9580,53810,-,-,-,-,-,-
rs1111875,10,94452862,10,94452862,C,T,1.1e-15,1.15,1.11,1.18,12171,56862,-,-,-,-,-,-
rs12778642,10,94454287,10,94454287,G,T,5.9e-14,1.15,1.11,1.19,9580,53810,-,-,-,-,-,-
rs5015480,10,94455539,10,94455539,C,T,2.2e-16,1.15,1.11,1.19,12171,56862,-,-,-,-,-,-
rs10882102,10,94456475,10,94456475,G,C,2.7e-15,1.16,1.12,1.2,9580,53810,-,-,-,-,-,-
rs11187144,10,94459960,10,94459960,T,C,3.2e-14,1.15,1.11,1.2,9580,53810,-,-,-,-,-,-
rs7087591,10,94463609,10,94463609,G,A,1.9e-14,1.16,1.11,1.2,9580,53810,-,-,-,-,-,-
rs10748582,10,94467199,10,94467199,T,A,1.7e-14,1.14,1.1,1.18,12171,56862,-,-,-,-,-,-
rs7923837,10,94471897,10,94471897,G,A,3e-14,1.15,1.11,1.2,9580,53810,-,-,-,-,-,-
rs7923866,10,94472056,10,94472056,C,T,3.5e-14,1.14,1.1,1.18,12171,56862,-,-,-,-,-,-
rs2497306,10,94475191,10,94475191,C,A,1.6e-09,1.12,1.08,1.16,9580,53810,-,-,-,-,-,-
rs2488075,10,94480154,10,94480154,C,T,1.2e-09,1.12,1.08,1.16,9580,53810,-,-,-,-,-,-
rs2497304,10,94482696,10,94482696,T,C,8.5e-09,1.11,1.07,1.15,9580,53810,-,-,-,-,-,-
rs7917983,10,114722872,10,114722872,C,T,1.5e-17,1.16,1.12,1.19,12171,56862,-,-,-,-,-,-
rs7901275,10,114722896,10,114722896,C,A,3.9e-18,1.16,1.12,1.2,12171,56862,-,-,-,-,-,-
rs11196174,10,114724086,10,114724086,G,A,4.5000000000000003e-23,1.3,1.23,1.37,8125,51297,-,-,-,-,-,-
rs11196175,10,114726604,10,114726604,C,T,4.8e-24,1.3,1.24,1.37,8125,51297,-,-,-,-,-,-
rs6585196,10,114727040,10,114727040,T,C,4.8e-08,1.13,1.08,1.18,6201,48359,-,-,-,-,-,-
rs7081062,10,114730735,10,114730735,A,G,4.7e-08,1.13,1.08,1.18,6201,48359,-,-,-,-,-,-
rs10128255,10,114732825,10,114732825,A,G,4.4e-09,1.12,1.08,1.17,8792,51411,-,-,-,-,-,-
rs4074720,10,114738487,10,114738487,T,C,7.8e-37,1.24,1.2,1.28,12171,56862,-,-,-,-,-,-
rs4074718,10,114738607,10,114738607,A,G,4.5e-32,1.25,1.2,1.29,9580,53810,-,-,-,-,-,-
rs17747324,10,114742493,10,114742493,C,T,8.5e-55,1.43,1.36,1.49,9580,53810,-,-,-,-,-,-
rs7901695,10,114744078,10,114744078,C,T,2.5000000000000008e-65,1.37,1.32,1.42,12171,56862,-,-,-,-,-,-
rs4506565,10,114746031,10,114746031,T,A,4.9e-68,1.37,1.32,1.42,12171,56862,-,-,-,-,-,-
rs7903146,10,114748339,10,114748339,T,C,5.5e-65,1.4,1.35,1.46,9580,53810,-,-,-,-,-,-
rs11196187,10,114749435,10,114749435,A,G,8e-09,1.28,1.18,1.39,8125,51297,-,-,-,-,-,-
rs10885402,10,114751687,10,114751687,C,A,3.3e-32,1.25,1.2,1.29,9580,53810,-,-,-,-,-,-
rs6585198,10,114752227,10,114752227,A,G,7.799999999999999e-31,1.24,1.2,1.29,9580,53810,-,-,-,-,-,-
rs12266632,10,114754949,10,114754949,G,C,8.5e-11,1.29,1.2,1.4,9592,53051,-,-,-,-,-,-
rs4132670,10,114757761,10,114757761,A,G,1.1e-64,1.36,1.31,1.41,12171,56862,-,-,-,-,-,-
rs6585200,10,114758599,10,114758599,G,A,4.6e-31,1.24,1.2,1.29,9580,53810,-,-,-,-,-,-
rs6585201,10,114758773,10,114758773,A,G,6.2e-36,1.24,1.2,1.28,12171,56862,-,-,-,-,-,-
rs7904519,10,114763917,10,114763917,G,A,9.7e-31,1.24,1.19,1.28,9580,53810,-,-,-,-,-,-
rs10885405,10,114767660,10,114767660,T,C,6.8999999999999995e-31,1.24,1.19,1.28,9580,53810,-,-,-,-,-,-
rs10885406,10,114767714,10,114767714,G,A,1.1000000000000001e-30,1.24,1.19,1.28,9580,53810,-,-,-,-,-,-
rs10787472,10,114771287,10,114771287,C,A,1.1e-35,1.23,1.2,1.28,12171,56862,-,-,-,-,-,-
rs7924080,10,114777002,10,114777002,C,T,1.4e-30,1.24,1.19,1.28,9580,53810,-,-,-,-,-,-
rs12243326,10,114778805,10,114778805,C,T,4.3e-61,1.36,1.31,1.41,12171,56862,-,-,-,-,-,-
rs7077039,10,114779067,10,114779067,C,T,1e-36,1.24,1.2,1.28,12171,56862,-,-,-,-,-,-
rs7900150,10,114783813,10,114783813,A,T,1.2e-31,1.24,1.2,1.29,9580,53810,-,-,-,-,-,-
rs7100927,10,114786038,10,114786038,G,A,8.400000000000001e-32,1.24,1.2,1.29,9580,53810,-,-,-,-,-,-
rs7895340,10,114791515,10,114791515,A,G,8.400000000000001e-32,1.24,1.2,1.29,9580,53810,-,-,-,-,-,-
rs11196200,10,114791928,10,114791928,G,C,3e-32,1.24,1.2,1.29,9580,53810,-,-,-,-,-,-
rs11196205,10,114797037,10,114797037,C,G,8.199999999999998e-35,1.23,1.19,1.27,12171,56862,-,-,-,-,-,-
rs10885409,10,114798062,10,114798062,C,T,3.3e-32,1.22,1.18,1.26,11902,53152,-,-,-,-,-,-
rs12255372,10,114798892,10,114798892,T,G,9.000000000000002e-57,1.34,1.29,1.39,12171,56862,-,-,-,-,-,-
rs12265291,10,114800230,10,114800230,C,T,1.9e-29,1.23,1.19,1.28,9580,53810,-,-,-,-,-,-
rs11196208,10,114801306,10,114801306,C,T,3.3e-35,1.23,1.19,1.27,12171,56862,-,-,-,-,-,-
rs7077247,10,114802061,10,114802061,C,T,1.1e-29,1.23,1.19,1.28,9580,53810,-,-,-,-,-,-
rs12718338,10,114803037,10,114803037,T,C,4.0000000000000003e-29,1.23,1.19,1.28,9580,53810,-,-,-,-,-,-
rs11196212,10,114811239,10,114811239,C,T,1.9e-10,1.11,1.08,1.15,12171,56862,-,-,-,-,-,-
rs12792753,11,92308623,11,92308623,C,T,1.5e-08,1.11,1.07,1.15,12171,56862,-,-,-,-,-,-
rs7112766,11,92311669,11,92311669,T,G,2e-09,1.13,1.09,1.18,9580,53810,-,-,-,-,-,-
rs1387153,11,92313476,11,92313476,T,C,1.1e-08,1.13,1.08,1.18,9580,53810,-,-,-,-,-,-
rs11523890,11,92319426,11,92319426,T,C,3.1e-08,1.1,1.07,1.14,12171,56862,-,-,-,-,-,-
rs10830956,11,92320661,11,92320661,T,C,1.3e-08,1.13,1.08,1.18,9580,53810,-,-,-,-,-,-
rs10765573,11,92322980,11,92322980,A,T,1e-08,1.12,1.08,1.16,9580,53810,-,-,-,-,-,-
rs7933855,11,92323970,11,92323970,A,G,1.3e-09,1.12,1.08,1.17,9580,53810,-,-,-,-,-,-
rs7936247,11,92329680,11,92329680,T,G,9.7e-09,1.12,1.08,1.17,9580,53810,-,-,-,-,-,-
rs11020124,11,92330309,11,92330309,C,T,2.7e-08,1.13,1.08,1.18,9580,53810,-,-,-,-,-,-
rs2166706,11,92331180,11,92331180,C,T,1.3e-09,1.12,1.08,1.17,9580,53810,-,-,-,-,-,-
rs10830961,11,92334405,11,92334405,G,A,4.8e-09,1.12,1.08,1.16,9580,53810,-,-,-,-,-,-
rs10830962,11,92338075,11,92338075,G,C,1.5e-08,1.11,1.07,1.14,12171,56862,-,-,-,-,-,-
rs9937053,16,52357008,16,52357008,A,G,1.5e-09,1.12,1.08,1.16,9580,53810,-,-,-,-,-,-
rs9928094,16,52357406,16,52357406,G,A,1.6e-09,1.12,1.08,1.16,9580,53810,-,-,-,-,-,-
rs9930333,16,52357478,16,52357478,G,T,1.7e-09,1.12,1.08,1.16,9580,53810,-,-,-,-,-,-
rs9939973,16,52358069,16,52358069,A,G,1.2e-08,1.1,1.07,1.14,12171,56862,-,-,-,-,-,-
rs9940646,16,52358130,16,52358130,G,C,1.6e-09,1.12,1.08,1.16,9580,53810,-,-,-,-,-,-
rs9940128,16,52358255,16,52358255,A,G,1.1e-08,1.1,1.07,1.14,12171,56862,-,-,-,-,-,-
rs1421085,16,52358455,16,52358455,C,T,1.7e-09,1.11,1.07,1.15,12171,56862,-,-,-,-,-,-
rs9923147,16,52359050,16,52359050,T,C,1.7e-09,1.12,1.08,1.16,9580,53810,-,-,-,-,-,-
rs9923544,16,52359486,16,52359486,T,C,1.6e-09,1.12,1.08,1.16,9580,53810,-,-,-,-,-,-
rs1558902,16,52361075,16,52361075,A,T,1.7e-10,1.13,1.09,1.17,9580,53810,-,-,-,-,-,-
rs11075985,16,52362708,16,52362708,A,C,1.6e-09,1.12,1.08,1.16,9580,53810,-,-,-,-,-,-
rs1121980,16,52366748,16,52366748,A,G,8.4e-09,1.1,1.07,1.14,12171,56862,-,-,-,-,-,-
rs7193144,16,52368187,16,52368187,C,T,6.9e-10,1.11,1.07,1.15,12171,56862,-,-,-,-,-,-
rs8057044,16,52370115,16,52370115,A,G,2.7e-08,1.1,1.06,1.14,12171,56862,-,-,-,-,-,-
rs17817449,16,52370868,16,52370868,G,T,5.6e-11,1.13,1.09,1.17,9580,53810,-,-,-,-,-,-
rs8043757,16,52370951,16,52370951,T,A,6.6e-11,1.13,1.09,1.17,9580,53810,-,-,-,-,-,-
rs11075987,16,52372662,16,52372662,G,T,2.1e-08,1.11,1.07,1.15,9580,53810,-,-,-,-,-,-
rs8050136,16,52373776,16,52373776,A,C,7.9e-10,1.11,1.07,1.15,12171,56862,-,-,-,-,-,-
rs8051591,16,52374253,16,52374253,G,A,8.1e-11,1.13,1.09,1.17,9580,53810,-,-,-,-,-,-
rs9935401,16,52374339,16,52374339,A,G,7.1e-11,1.13,1.09,1.17,9580,53810,-,-,-,-,-,-
rs3751812,16,52375961,16,52375961,T,G,8.4e-11,1.13,1.09,1.17,9580,53810,-,-,-,-,-,-
rs9936385,16,52376670,16,52376670,C,T,4.7e-11,1.13,1.09,1.18,9580,53810,-,-,-,-,-,-
rs9923233,16,52376699,16,52376699,C,G,1.3e-10,1.13,1.09,1.17,9580,53810,-,-,-,-,-,-
rs11075989,16,52377378,16,52377378,T,C,9.2e-11,1.13,1.09,1.17,9580,53810,-,-,-,-,-,-
rs11075990,16,52377394,16,52377394,G,A,9.3e-11,1.13,1.09,1.17,9580,53810,-,-,-,-,-,-
rs9939609,16,52378028,16,52378028,A,T,2e-09,1.11,1.07,1.14,12171,56862,-,-,-,-,-,-
rs7201850,16,52379363,16,52379363,T,C,7.7e-10,1.12,1.08,1.16,9580,53810,-,-,-,-,-,-
rs7185735,16,52380152,16,52380152,G,A,8.2e-11,1.13,1.09,1.17,9580,53810,-,-,-,-,-,-
rs9941349,16,52382989,16,52382989,T,C,6.9e-09,1.1,1.07,1.14,12171,56862,-,-,-,-,-,-
rs9931494,16,52384680,16,52384680,G,C,6.8e-10,1.12,1.08,1.16,9580,53810,-,-,-,-,-,-
rs17817964,16,52385567,16,52385567,T,C,8.4e-11,1.13,1.09,1.17,9580,53810,-,-,-,-,-,-
rs9930501,16,52387953,16,52387953,G,A,5.3e-10,1.12,1.08,1.16,9580,53810,-,-,-,-,-,-
rs9930506,16,52387966,16,52387966,G,A,2.8e-09,1.11,1.07,1.14,12171,56862,-,-,-,-,-,-
rs9932754,16,52387992,16,52387992,C,T,5.4e-10,1.12,1.08,1.16,9580,53810,-,-,-,-,-,-
rs9922708,16,52388647,16,52388647,T,C,5.4e-10,1.12,1.08,1.16,9580,53810,-,-,-,-,-,-
rs9922619,16,52389272,16,52389272,T,G,5.1e-10,1.12,1.08,1.16,9580,53810,-,-,-,-,-,-
rs8044769,16,52396636,16,52396636,C,T,3.6e-08,1.11,1.07,1.15,9580,53810,-,-,-,-,-,-
rs12149832,16,52400409,16,52400409,A,G,5.7e-11,1.13,1.09,1.17,9580,53810,-,-,-,-,-,-
rs11642841,16,52402988,16,52402988,A,C,6.2e-11,1.14,1.09,1.18,9580,53810,-,-,-,-,-,-
