SNP,CHROMOSOME,POSITION
rs6771792,3,12276472
rs11709077,3,12311507
rs1801282,3,12368125
rs1899951,3,12369840
rs4376068,3,186980329
rs6801848,3,186981751
rs4481184,3,186988481
rs11705729,3,186989993
rs11929397,3,186992884
rs7633675,3,186993307
rs4402960,3,186994381
rs7640539,3,186995990
rs7651090,3,186996086
rs6444081,3,186997087
rs7646518,3,186997625
rs7637773,3,186998329
rs4686696,3,186999214
rs6767484,3,187003272
rs11711477,3,187009384
rs1470579,3,187011774
rs6769511,3,187012984
rs9859406,3,187017176
rs1801214,4,6353923
rs4580722,4,6357045
rs9348440,6,20749315
rs6456364,6,20757233
rs9295474,6,20760696
rs2328545,6,20761529
rs9368216,6,20763089
rs4712522,6,20764779
rs4712523,6,20765543
rs4710940,6,20765991
rs6906327,6,20767438
rs6456367,6,20767566
rs6456368,6,20767785
rs6456369,6,20768344
rs10946398,6,20769013
rs7774594,6,20769122
rs7754840,6,20769229
rs9460544,6,20769508
rs9460545,6,20769529
rs4712525,6,20770945
rs4712526,6,20771014
rs9460546,6,20771611
rs742642,6,20773060
rs7748382,6,20773528
rs7772603,6,20773925
rs7752780,6,20774001
rs7752906,6,20774034
rs9358356,6,20775361
rs9356743,6,20775667
rs9368219,6,20782670
rs1569699,6,20787289
rs7756992,6,20787688
rs9350271,6,20791143
rs9356744,6,20793465
rs7766070,6,20794552
rs9368222,6,20794975
rs10440833,6,20796100
rs2206734,6,20802863
rs6931514,6,20811931
rs11753081,6,20813569
rs1040558,6,20821685
rs9295478,6,20824232
rs2328548,6,20824937
rs6935599,6,20825074
rs9465871,6,20825234
rs10946403,6,20825383
rs2328549,6,20826219
rs9358357,6,20827124
rs9368224,6,20827211
rs9358358,6,20827372
rs9460550,6,20827540
rs12110493,6,20827858
rs9356746,6,20828258
rs9368226,6,20831036
rs12111351,6,20832537
rs9356747,6,20832986
rs9356748,6,20833076
rs7767391,6,20833219
rs7747752,6,20833402
rs864745,7,28147081
rs849142,7,28152416
rs1635852,7,28155936
rs1635853,7,28156074
rs849133,7,28158805
rs849134,7,28162747
rs849135,7,28162938
rs849335,7,28190515
rs849336,7,28190578
rs849327,7,28198982
rs498475,7,28222765
rs13234269,7,130079726
rs13230111,7,130087664
rs13233731,7,130088229
rs10954284,7,130114298
rs13266634,8,118253964
rs3802177,8,118254206
rs11558471,8,118254914
rs11774700,8,118289451
rs7020996,9,22119579
rs2383208,9,22122076
rs10965250,9,22123284
rs10811661,9,22124094
rs1333051,9,22126489
rs3915932,10,80611942
rs2798253,10,94192885
rs6583813,10,94199919
rs11187007,10,94204560
rs2149632,10,94222227
rs11187033,10,94252339
rs10509645,10,94267846
rs2421943,10,94301795
rs11187078,10,94330685
rs6583823,10,94334395
rs2421941,10,94335889
rs3824735,10,94344184
rs10786050,10,94357210
rs11187096,10,94359568
rs10882091,10,94364357
rs7914814,10,94372930
rs10882094,10,94377656
rs10882095,10,94384382
rs10736069,10,94385373
rs7900689,10,94385728
rs6583830,10,94388098
rs10882096,10,94391366
rs11187114,10,94396217
rs6583833,10,94399780
rs7078243,10,94404243
rs4933734,10,94404547
rs7911264,10,94426831
rs2488087,10,94436021
rs10882100,10,94450667
rs1111875,10,94452862
rs12778642,10,94454287
rs5015480,10,94455539
rs10882102,10,94456475
rs11187144,10,94459960
rs7087591,10,94463609
rs10748582,10,94467199
rs7923837,10,94471897
rs7923866,10,94472056
rs2497306,10,94475191
rs2488075,10,94480154
rs2497304,10,94482696
rs7917983,10,114722872
rs7901275,10,114722896
rs11196174,10,114724086
rs11196175,10,114726604
rs6585196,10,114727040
rs7081062,10,114730735
rs10128255,10,114732825
rs4074720,10,114738487
rs4074718,10,114738607
rs17747324,10,114742493
rs7901695,10,114744078
rs4506565,10,114746031
rs7903146,10,114748339
rs11196187,10,114749435
rs10885402,10,114751687
rs6585198,10,114752227
rs12266632,10,114754949
rs4132670,10,114757761
rs6585200,10,114758599
rs6585201,10,114758773
rs7904519,10,114763917
rs10885405,10,114767660
rs10885406,10,114767714
rs10787472,10,114771287
rs7924080,10,114777002
rs12243326,10,114778805
rs7077039,10,114779067
rs7900150,10,114783813
rs7100927,10,114786038
rs7895340,10,114791515
rs11196200,10,114791928
rs11196205,10,114797037
rs10885409,10,114798062
rs12255372,10,114798892
rs12265291,10,114800230
rs11196208,10,114801306
rs7077247,10,114802061
rs12718338,10,114803037
rs11196212,10,114811239
rs12792753,11,92308623
rs7112766,11,92311669
rs1387153,11,92313476
rs11523890,11,92319426
rs10830956,11,92320661
rs10765573,11,92322980
rs7933855,11,92323970
rs7936247,11,92329680
rs11020124,11,92330309
rs2166706,11,92331180
rs10830961,11,92334405
rs10830962,11,92338075
rs9937053,16,52357008
rs9928094,16,52357406
rs9930333,16,52357478
rs9939973,16,52358069
rs9940646,16,52358130
rs9940128,16,52358255
rs1421085,16,52358455
rs9923147,16,52359050
rs9923544,16,52359486
rs1558902,16,52361075
rs11075985,16,52362708
rs1121980,16,52366748
rs7193144,16,52368187
rs8057044,16,52370115
rs17817449,16,52370868
rs8043757,16,52370951
rs11075987,16,52372662
rs8050136,16,52373776
rs8051591,16,52374253
rs9935401,16,52374339
rs3751812,16,52375961
rs9936385,16,52376670
rs9923233,16,52376699
rs11075989,16,52377378
rs11075990,16,52377394
rs9939609,16,52378028
rs7201850,16,52379363
rs7185735,16,52380152
rs9941349,16,52382989
rs9931494,16,52384680
rs17817964,16,52385567
rs9930501,16,52387953
rs9930506,16,52387966
rs9932754,16,52387992
rs9922708,16,52388647
rs9922619,16,52389272
rs8044769,16,52396636
rs12149832,16,52400409
rs11642841,16,52402988
